"","col_no","trt","time_point","date","days","q_status","q_event","pattern","notes","est_bee_num_by_wt","est_bee_num_by_wt_floor","mites_recov_3_washes","bees_without_mites","phor2","infest_200","dwv_num_sides_obs","dwv_tf","cdb_num_sides_obs","bees","wk_cells","dr_capbrd_cells_num","phoretic_mites_num_estimate","wk_cells_infested_estimate","dr_cells_infested_estimate","mites_total_estimate","cap_brd_indiv","indiv_total","indiv_adult_pct","indiv_capbrd_pct","bees_frames","wk_frames","honey_frames","pollen_frames","fob_at_all","fob_top_bip","pre_pattern","pre_phor2","pre_infest_200","pre_mites_tot","pre_bees","pre_bees_frames","pre_wk_cells","pre_wk_frames","pre_honey_frames","pre_pollen_frames"
"1","D10","Apiguard_Api",1,"18-Sep","0","QS-MP","",3,"Supersedure in progress. We left the newly marked QS-MP queen, and stored the older QS-B queen for future use",317.4,317,17,300,5.35601764335224,23,7,1,2,8899.88,18642.8,377.3,476,2143,NA,2620,19020.1,27919.98,31.8763838656045,68.1236161343955,3.6625,2.7875,3.39,0.275,NA,NA,3,5.35601764335224,23,2620,8899.88,3.6625,18642.8,2.7875,3.39,0.275
"2","D20","Apivar",1,"18-Sep","0","QS-B","",3,"",311.6,311,26,285,8.34403080872914,28,3,1,1,9902.25,18726.4,0,826,2621,NA,3447,18726.4,28628.65,34.5886026759907,65.4113973240093,4.075,2.8,3.925,0.625,NA,NA,3,8.34403080872914,28,3447,9902.25,4.075,18726.4,2.8,3.925,0.625
"3","D15","AEC",1,"18-Sep","0","QS-B","",3,"",364.9,364,20,344,5.48095368594135,29,0,1,2,10831.73,18726.4,485.1,593,2715,NA,3308,19211.5,30043.23,36.0538131219579,63.9461868780421,4.4575,2.8,4.95,0.375,NA,NA,3,5.48095368594135,29,3308,10831.73,4.4575,18726.4,2.8,4.95,0.375
"4","D16","AEC",1,"18-Sep","0","QR","",3,"",382.1,382,17,365,4.44909709500131,27,3,1,2,12259.35,23324.4,377.3,545,3148,188,3882,23701.7,35961.05,34.0906341722503,65.9093658277497,5.045,3.4875,3.1,0.275,NA,NA,3,4.44909709500131,27,3882,12259.35,5.045,23324.4,3.4875,3.1,0.275
"5","D5","Apivar",1,"18-Sep","0","QR","",2.75,"",318.7,318,52,266,16.3162849074365,42,0,1,0,10114.88,20565.6,323.4,1650,4318,239,6208,20889,31003.88,32.6245618290356,67.3754381709644,4.1625,3.075,3.95,1.35,NA,NA,2.75,16.3162849074365,42,6208,10114.88,4.1625,20565.6,3.075,3.95,1.35
"6","D6","Apiguard_Api",1,"18-Sep","0","QS-B","",2.75,"",327.4,327,16,311,4.88698839340257,22,1,1,1,10600.88,22404.8,107.8,518,2464,49,3032,22512.6,33113.48,32.013790154342,67.986209845658,4.3625,3.35,4,0.365,NA,NA,2.75,4.88698839340257,22,3032,10600.88,4.3625,22404.8,3.35,4,0.365
"7","9","Apivar",1,"18-Sep","0","QR","",3,"",307,307,2,305,0.651465798045603,16,0,0,2,17010,22321.2,0,110,1785,NA,1896,22321.2,39331.2,43.2481083719795,56.7518916280205,7,3.3375,4.025,1.05,NA,NA,3,0.651465798045603,16,1896,17010,7,22321.2,3.3375,4.025,1.05
"8","D7","Apivar",1,"18-Sep","0","QR","",1.75,"",345.7,345,22,323,6.36389933468325,62,1,1,1,6955.88,11453.2,323.4,442,3550,200,4193,11776.6,18732.48,37.1327234834896,62.8672765165104,2.8625,1.7125,2.65,2.175,NA,NA,1.75,6.36389933468325,62,4193,6955.88,2.8625,11453.2,1.7125,2.65,2.175
"9","D8","Apivar",1,"18-Sep","0","QS-B","",3.5,"",322.2,322,35,287,10.862818125388,22,1,1,2,14198.49,20174.35,791.25,1542,2219,553,4315,20965.6,35164.09,40.3778115685633,59.6221884314367,5.843,3.0165,2.925,0.065,NA,NA,3.5,10.862818125388,22,4315,14198.49,5.843,20174.35,3.0165,2.925,0.065
"10","RC1","Apivar",1,"19-Sep","0","QR","",2,"",428.1,428,97,331,22.6582574164915,58,1,1,1,7543.94,14964.4,0,1709,4339,NA,6048,14964.4,22508.34,33.5161988845024,66.4838011154976,3.1045,2.2375,3.915,1.09,NA,NA,2,22.6582574164915,58,6048,7543.94,3.1045,14964.4,2.2375,3.915,1.09
"11","D11","Apivar",1,"18-Sep","0","QS-B","",3,"",373.7,373,65,308,17.3936312550174,38,1,1,0,9446.63,21819.6,269.5,1643,4145,134,5923,22089.1,31535.73,29.9553236915714,70.0446763084286,3.8875,3.2625,5.075,0.15,NA,NA,3,17.3936312550174,38,5923,9446.63,3.8875,21819.6,3.2625,5.075,0.15
"12","D25","Apivar",1,"18-Sep","0","QS-B","",2,"",357.6,357,29,328,8.10961968680089,16,1,0,3,7563.38,18392,53.9,613,1471,NA,2084,18445.9,26009.28,29.0795439166328,70.9204560833672,3.1125,2.75,4.65,0.075,NA,NA,2,8.10961968680089,16,2084,7563.38,3.1125,18392,2.75,4.65,0.075
"13","D13","Apiguard_Api",1,"18-Sep","0","QR","",2.5,"",263,263,69,194,26.2357414448669,44,1,1,0,5862.38,17138,0,1537,3770,NA,5308,17138,23000.38,25.488187586466,74.511812413534,2.4125,2.5625,4.65,0.675,NA,NA,2.5,26.2357414448669,44,5308,5862.38,2.4125,17138,2.5625,4.65,0.675
"14","N5","AEC",1,"18-Sep","0","QR","",2.5,"Maybe reverse boxes",284.4,284,14,270,4.92264416315049,7,2,0,2,5771.25,14379.2,53.9,284,503,NA,787,14433.1,20204.35,28.5643933113414,71.4356066886586,2.375,2.15,3.625,0.075,NA,NA,2.5,4.92264416315049,7,787,5771.25,2.375,14379.2,2.15,3.625,0.075
"15","N68","AEC",1,"18-Sep","0","QS-B","",2,"",261.4,261,29,232,11.0941086457536,25,5,1,9,10995.75,12122,53.9,1219,1515,NA,2734,12175.9,23171.65,47.4534614496594,52.5465385503406,4.525,1.8125,3.75,0.215,NA,NA,2,11.0941086457536,25,2734,10995.75,4.525,12122,1.8125,3.75,0.215
"16","D3","Apiguard_Api",1,"18-Sep","0","QS-P","",2,"",290.6,290,36,254,12.388162422574,70,3,0,3,6773.63,7189.6,377.3,839,2516,294,3649,7566.9,14340.53,47.2341677748312,52.7658322251688,2.7875,1.075,3.49,0.59,NA,NA,2,12.388162422574,70,3649,6773.63,2.7875,7189.6,1.075,3.49,0.59
"17","2","Apiguard_Api",1,"19-Sep","0","QS-MB","",4,"",396.3,396,9,387,2.27100681302044,2,5,0,2,11329.88,15298.8,323.4,257,152,NA,410,15622.2,26952.08,42.0371266336401,57.9628733663599,4.6625,2.2875,5.875,1.175,NA,NA,4,2.27100681302044,2,410,11329.88,4.6625,15298.8,2.2875,5.875,1.175
"18","D17","Apiguard_Api",1,"18-Sep","0","QR","",2,"",351,351,11,340,3.13390313390313,10,2,1,0,16463.25,27922.4,0,515,1396,NA,1912,27922.4,44385.65,37.0913797589987,62.9086202410013,6.775,4.175,4.05,0.525,NA,NA,2,3.13390313390313,10,1912,16463.25,6.775,27922.4,4.175,4.05,0.525
"19","D19","Apiguard_Api",1,"18-Sep","0","QS-MP","",2,"",356,356,37,319,10.3932584269663,30,4,1,2,11876.63,20231.2,107.8,1234,3034,NA,4269,20339,32215.63,36.8660491817171,63.1339508182829,4.8875,3.025,4.515,0.125,NA,NA,2,10.3932584269663,30,4269,11876.63,4.8875,20231.2,3.025,4.515,0.125
"20","8","Apiguard_Api",1,"19-Sep","0","QR","",3,"",307.5,307,27,280,8.78048780487805,8,0,0,0,11937.38,23993.2,0,1048,959,NA,2008,23993.2,35930.58,33.2234547841977,66.7765452158022,4.9125,3.5875,5.05,NA,NA,NA,3,8.78048780487805,8,2008,11937.38,4.9125,23993.2,3.5875,5.05,NA
"21","L75","Apiguard_Api",1,"19-Sep","0","QS-B","",3,"",412.5,412,31,381,7.51515151515152,18,0,1,0,11664,15549.6,53.9,876,1399,NA,2276,15603.5,27267.5,42.7761987714312,57.2238012285688,4.8,2.325,6.4,0.9,NA,NA,3,7.51515151515152,18,2276,11664,4.8,15549.6,2.325,6.4,0.9
"22","D21","Apivar",1,"18-Sep","0","QR","",3.5,"",343.6,343,9,334,2.61932479627474,11,0,1,0,13365,22822.8,161.7,350,1255,NA,1605,22984.5,36349.5,36.7680435769405,63.2319564230595,5.5,3.4125,3.675,0.215,NA,NA,3.5,2.61932479627474,11,1605,13365,5.5,22822.8,3.4125,3.675,0.215
"23","D22","AEC",1,"18-Sep","0","QR","",2,"",313.7,313,71,242,22.6330889384763,46,2,1,3,5971.73,16218.4,215.6,1351,3730,159,5241,16434,22405.73,26.6526910750063,73.3473089249937,2.4575,2.425,4.7,0.425,NA,NA,2,22.6330889384763,46,5241,5971.73,2.4575,16218.4,2.425,4.7,0.425
"24","D23","AEC",1,"18-Sep","0","QS-B","",2,"",314.5,314,75,239,23.8473767885533,36,4,1,0,5163.75,15131.6,53.9,1231,2723,NA,3955,15185.5,20349.25,25.3756280944015,74.6243719055985,2.125,2.2625,4.625,0.415,NA,NA,2,23.8473767885533,36,3955,5163.75,2.125,15131.6,2.2625,4.625,0.415
"25","C12","Apiguard_Api",1,"19-Sep","0","QS-P","",2,"Empty upstairs",286.5,286,26,260,9.07504363001745,44,1,1,1,10023.75,20147.6,0,909,4432,NA,5342,20147.6,30171.35,33.2227427675593,66.7772572324407,4.125,3.0125,2.79,0.54,NA,NA,2,9.07504363001745,44,5342,10023.75,4.125,20147.6,3.0125,2.79,0.54
"26","D24","Apiguard_Api",1,"18-Sep","0","QS-B","",2.5,"",324.1,324,56,268,17.2786177105832,34,0,1,0,8383.5,18141.2,269.5,1448,3084,NA,4532,18410.7,26794.2,31.2884878070627,68.7115121929373,3.45,2.7125,3.15,0.3,NA,NA,2.5,17.2786177105832,34,4532,8383.5,3.45,18141.2,2.7125,3.15,0.3
"27","D12","AEC",1,"18-Sep","0","QS-B","",2.75,"",349.6,349,70,279,20.0228832951945,43,8,1,0,6226.88,18392,485.1,1246,3954,67,5269,18877.1,25103.98,24.804353731958,75.195646268042,2.5625,2.75,5.925,1.2,NA,NA,2.75,20.0228832951945,43,5269,6226.88,2.5625,18392,2.75,5.925,1.2
"28","D33","AEC",1,"18-Sep","0","QS-B","",1.5,"",291.9,291,59,232,20.2124015073655,71,5,1,1,5346,13125.2,53.9,1080,4659,NA,5740,13179.1,18525.1,28.8581438156879,71.1418561843121,2.2,1.9625,5.425,0.475,NA,NA,1.5,20.2124015073655,71,5740,5346,2.2,13125.2,1.9625,5.425,0.475
"29","D27","Apiguard_Api",1,"18-Sep","0","QS-B","",3.5,"",263.3,263,53,210,20.1291302696544,59,11,1,1,14640.75,18392,916.3,2947,5425,439,8812,19308.3,33949.05,43.1256544733947,56.8743455266053,6.025,2.75,2.465,0.275,NA,NA,3.5,20.1291302696544,59,8812,14640.75,6.025,18392,2.75,2.465,0.275
"30","D28","Apiguard_Api",1,"18-Sep","0","QS-B","",3.5,"Defensive",329,329,51,278,15.5015197568389,39,1,1,2,13425.75,17388.8,700.7,2081,3390,560,6032,18089.5,31515.25,42.6008043724863,57.3991956275137,5.525,2.6,3.725,0.45,NA,NA,3.5,15.5015197568389,39,6032,13425.75,5.525,17388.8,2.6,3.725,0.45
"31","D30","AEC",1,"18-Sep","0","QS-B","",2.5,"Viral vial died before going into dry ice. Iced before end of next hive though",308.9,308,15,293,4.85594043379735,16,0,1,0,16694.1,20147.6,269.5,810,1611,140,2562,20417.1,37111.2,44.9839940503136,55.0160059496863,6.87,3.0125,2.815,0.125,NA,NA,2.5,4.85594043379735,16,2562,16694.1,6.87,20147.6,3.0125,2.815,0.125
"32","C33","Apivar",1,"19-Sep","0","QS-P","",2.5,"""Queen cells - cut""",333.2,333,65,268,19.5078031212485,85,0,1,0,12818.25,8778,107.8,2500,3730,89,6320,8885.8,21704.05,59.0592539180476,40.9407460819524,5.275,1.3125,5.25,0.95,NA,NA,2.5,19.5078031212485,85,6320,12818.25,5.275,8778,1.3125,5.25,0.95
"33","C6","Apiguard_Api",1,"19-Sep","0","QR","",2,"",347.3,347,82,265,23.610711200691,42,3,1,0,8687.25,16803.6,107.8,2051,3528,NA,5580,16911.4,25598.65,33.9363599252304,66.0636400747696,3.575,2.5125,4.025,0.34,NA,NA,2,23.610711200691,42,5580,8687.25,3.575,16803.6,2.5125,4.025,0.34
"34","BC15","Apivar",1,"19-Sep","0","QR","",3,"",303.9,303,50,253,16.4527805199079,68,1,1,2,13000.5,18559.2,323.4,2138,6310,NA,8448,18882.6,31883.1,40.7755205735954,59.2244794264046,5.35,2.775,5.775,1.325,NA,NA,3,16.4527805199079,68,8448,13000.5,5.35,18559.2,2.775,5.775,1.325
"35","N42","AEC",1,"19-Sep","0","QR","",2.5,"",409.4,409,56,353,13.6785539814362,57,0,1,0,13699.13,14880.8,53.9,1873,4241,NA,6114,14934.7,28633.83,47.8424646650483,52.1575353349517,5.6375,2.225,5.29,0.215,NA,NA,2.5,13.6785539814362,57,6114,13699.13,5.6375,14880.8,2.225,5.29,0.215
"36","D26","AEC",1,"18-Sep","0","QS-B","",2.5,"",309.7,309,38,271,12.2699386503067,20,7,0,5,10388.25,22070.4,53.9,1274,2207,18,3500,22124.3,32512.55,31.9515079561585,68.0484920438415,4.275,3.3,2.65,0.125,NA,NA,2.5,12.2699386503067,20,3500,10388.25,4.275,22070.4,3.3,2.65,0.125
"37","L76","Apivar",1,"18-Sep","0","QR","",3,"",375.5,375,22,353,5.85885486018642,3,4,1,3,14276.25,23073.6,323.4,836,346,109,1292,23397,37673.25,37.8949254444467,62.1050745555533,5.875,3.45,3.025,0.925,NA,NA,3,5.85885486018642,3,1292,14276.25,5.875,23073.6,3.45,3.025,0.925
"38","62","Apivar",1,"18-Sep","0","QS-B","",2,"Has EFB but possibly we may use the colony",274.7,274,5,269,1.8201674554059,27,1,0,3,10449,10032,0,190,1354,NA,1544,10032,20481,51.0180166984034,48.9819833015966,4.3,1.5,4.025,0.25,NA,NA,2,1.8201674554059,27,1544,10449,4.3,10032,1.5,4.025,0.25
"39","N22","Apivar",1,"18-Sep","0","QR","",3,"",347.3,347,47,300,13.5329686150302,28,1,0,3,5923.13,12456.4,269.5,801,1743,123,2669,12725.9,18649.03,31.7610621034981,68.2389378965019,2.4375,1.8625,4.825,0.125,NA,NA,3,13.5329686150302,28,2669,5923.13,2.4375,12456.4,1.8625,4.825,0.125
"40","L79","AEC",1,"18-Sep","0","QR","",3,"",304.6,304,20,284,6.56598818122127,15,6,1,0,10023.75,23826,107.8,658,1786,NA,2445,23933.8,33957.55,29.5184723279506,70.4815276720494,4.125,3.5625,2.65,0.465,NA,NA,3,6.56598818122127,15,2445,10023.75,4.125,23826,3.5625,2.65,0.465
"41","4","AEC",1,"18-Sep","0","QR","",2.5,"",336.9,336,20,316,5.93647966755714,29,6,1,4,9112.5,16552.8,269.5,540,2400,161,3102,16822.3,25934.8,35.1361876706202,64.8638123293798,3.75,2.475,4.715,0.35,NA,NA,2.5,5.93647966755714,29,3102,9112.5,3.75,16552.8,2.475,4.715,0.35
"42","S1","Apiguard_Api",1,"19-Sep","0","QS","",3.5,"",296.1,296,21,275,7.09219858156028,17,1,1,0,8383.5,16218.4,0,594,1378,NA,1973,16218.4,24601.9,34.0766363573545,65.9233636426455,3.45,2.425,4.1,NA,NA,NA,3.5,7.09219858156028,17,1973,8383.5,3.45,16218.4,2.425,4.1,NA
"43","17","Apivar",1,"19-Sep","0","QR","",2,"",281.3,281,19,262,6.7543547813722,20,0,0,0,7654.5,14295.6,0,516,1429,NA,1946,14295.6,21950.1,34.8722784862028,65.1277215137972,3.15,2.1375,3.225,NA,NA,NA,2,6.7543547813722,20,1946,7654.5,3.15,14295.6,2.1375,3.225,NA
"44","C8","Apiguard_Api",1,"19-Sep","0","QR","",2.5,"",300.6,300,29,271,9.64737192282102,50,1,1,0,9234,10282.8,0,890,2570,NA,3461,10282.8,19516.8,47.3130841121495,52.6869158878505,3.8,1.5375,6.525,NA,NA,NA,2.5,9.64737192282102,50,3461,9234,3.8,10282.8,1.5375,6.525,NA
"45","C2","AEC",1,"19-Sep","0","QS-MP","",2.5,"",319.7,319,13,306,4.06631216765718,13,0,0,0,19561.5,17806.8,0,795,1157,NA,1952,17806.8,37368.3,52.3478456338661,47.6521543661339,8.05,2.6625,3.125,NA,NA,NA,2.5,4.06631216765718,13,1952,19561.5,8.05,17806.8,2.6625,3.125,NA
"46","N51","AEC",1,"19-Sep","0","QR","",3.5,"",256,256,14,242,5.46875,32,1,1,0,12089.25,19646,485.1,661,3143,NA,3804,20131.1,32220.35,37.5205421418451,62.4794578581549,4.975,2.9375,6.375,NA,NA,NA,3.5,5.46875,32,3804,12089.25,4.975,19646,2.9375,6.375,NA
"47","C15","Apivar",1,"19-Sep","0","QS","",2.5,"",316.6,316,51,265,16.1086544535692,12,0,0,0,5315.63,12122,0,856,727,NA,1583,12122,17437.63,30.4836723797901,69.5163276202099,2.1875,1.8125,3.175,NA,NA,NA,2.5,16.1086544535692,12,1583,5315.63,2.1875,12122,1.8125,3.175,NA
"48","D10","Apiguard_Api",10,"3-Oct","10","QR","",NA,"",NA,NA,NA,NA,NA,NA,NA,NA,NA,NA,8443.6,0,NA,NA,NA,NA,8443.6,NA,NA,NA,NA,1.2625,NA,NA,NA,NA,3,5.35601764335224,23,2620,8899.88,3.6625,18642.8,2.7875,3.39,0.275
"49","D20","Apivar",10,"3-Oct","10","QR","",NA,"",NA,NA,NA,NA,NA,NA,NA,NA,NA,NA,9948.4,0,NA,NA,NA,NA,9948.4,NA,NA,NA,NA,1.4875,NA,NA,NA,NA,3,8.34403080872914,28,3447,9902.25,4.075,18726.4,2.8,3.925,0.625
"50","D15","AEC",10,"3-Oct","10","QS-B","",NA,"",NA,NA,NA,NA,NA,NA,NA,NA,NA,NA,4681.6,0,NA,NA,NA,NA,4681.6,NA,NA,NA,NA,0.7,NA,NA,NA,NA,3,5.48095368594135,29,3308,10831.73,4.4575,18726.4,2.8,4.95,0.375
"51","D16","AEC",10,"3-Oct","10","QR","",NA,"",NA,NA,NA,NA,NA,NA,NA,NA,NA,NA,13041.6,0,NA,NA,NA,NA,13041.6,NA,NA,NA,NA,1.95,NA,NA,NA,NA,3,4.44909709500131,27,3882,12259.35,5.045,23324.4,3.4875,3.1,0.275
"52","D5","Apivar",10,"3-Oct","10",NA,"",NA,"",NA,NA,NA,NA,NA,NA,NA,NA,NA,NA,8025.6,0,NA,NA,NA,NA,8025.6,NA,NA,NA,NA,1.2,NA,NA,NA,NA,2.75,16.3162849074365,42,6208,10114.88,4.1625,20565.6,3.075,3.95,1.35
"53","D6","Apiguard_Api",10,"3-Oct","10","QR","",NA,"",NA,NA,NA,NA,NA,NA,NA,NA,NA,NA,10032,0,NA,NA,NA,NA,10032,NA,NA,NA,NA,1.5,NA,NA,NA,NA,2.75,4.88698839340257,22,3032,10600.88,4.3625,22404.8,3.35,4,0.365
"54","9","Apivar",10,"3-Oct","10","QR","",NA,"",NA,NA,NA,NA,NA,NA,NA,NA,NA,NA,13292.4,0,NA,NA,NA,NA,13292.4,NA,NA,NA,NA,1.9875,NA,NA,NA,NA,3,0.651465798045603,16,1896,17010,7,22321.2,3.3375,4.025,1.05
"55","D7","Apivar",10,"3-Oct","10","QR","",NA,"",NA,NA,NA,NA,NA,NA,NA,NA,NA,NA,6771.6,0,NA,NA,NA,NA,6771.6,NA,NA,NA,NA,1.0125,NA,NA,NA,NA,1.75,6.36389933468325,62,4193,6955.88,2.8625,11453.2,1.7125,2.65,2.175
"56","D8","Apivar",10,"3-Oct","10","QR","",NA,"",NA,NA,NA,NA,NA,NA,NA,NA,NA,NA,5601.2,0,NA,NA,NA,NA,5601.2,NA,NA,NA,NA,0.8375,NA,NA,NA,NA,3.5,10.862818125388,22,4315,14198.49,5.843,20174.35,3.0165,2.925,0.065
"57","RC1","Apivar",10,"3-Oct","10","QS-B","",NA,"Laying well",NA,NA,NA,NA,NA,NA,NA,NA,NA,NA,1922.8,0,NA,NA,NA,NA,1922.8,NA,NA,NA,NA,0.2875,NA,NA,NA,NA,2,22.6582574164915,58,6048,7543.94,3.1045,14964.4,2.2375,3.915,1.09
"58","D11","Apivar",10,"3-Oct","10","QS-B","",NA,"",NA,NA,NA,NA,NA,NA,NA,NA,NA,NA,4347.2,0,NA,NA,NA,NA,4347.2,NA,NA,NA,NA,0.65,NA,NA,NA,NA,3,17.3936312550174,38,5923,9446.63,3.8875,21819.6,3.2625,5.075,0.15
"59","D25","Apivar",10,"3-Oct","10","QS-B","",NA,"",NA,NA,NA,NA,NA,NA,NA,NA,NA,NA,11035.2,0,NA,NA,NA,NA,11035.2,NA,NA,NA,NA,1.65,NA,NA,NA,NA,2,8.10961968680089,16,2084,7563.38,3.1125,18392,2.75,4.65,0.075
"60","D13","Apiguard_Api",10,"3-Oct","10","QR","",NA,"Weak-ish",NA,NA,NA,NA,NA,NA,NA,NA,NA,NA,2675.2,0,NA,NA,NA,NA,2675.2,NA,NA,NA,NA,0.4,NA,NA,NA,NA,2.5,26.2357414448669,44,5308,5862.38,2.4125,17138,2.5625,4.65,0.675
"61","N5","AEC",10,"3-Oct","10","QS-MP","",NA,"",NA,NA,NA,NA,NA,NA,NA,NA,NA,NA,7942,0,NA,NA,NA,NA,7942,NA,NA,NA,NA,1.1875,NA,NA,NA,NA,2.5,4.92264416315049,7,787,5771.25,2.375,14379.2,2.15,3.625,0.075
"62","N68","AEC",10,"3-Oct","10","QR","",NA,"",NA,NA,NA,NA,NA,NA,NA,NA,NA,NA,10951.6,0,NA,NA,NA,NA,10951.6,NA,NA,NA,NA,1.6375,NA,NA,NA,NA,2,11.0941086457536,25,2734,10995.75,4.525,12122,1.8125,3.75,0.215
"63","D3","Apiguard_Api",10,"3-Oct","10","QR","",NA,"",NA,NA,NA,NA,NA,NA,NA,NA,NA,NA,5601.2,0,NA,NA,NA,NA,5601.2,NA,NA,NA,NA,0.8375,NA,NA,NA,NA,2,12.388162422574,70,3649,6773.63,2.7875,7189.6,1.075,3.49,0.59
"64","2","Apiguard_Api",10,"3-Oct","10","QS-B","",NA,"",NA,NA,NA,NA,NA,NA,NA,NA,NA,NA,6270,0,NA,NA,NA,NA,6270,NA,NA,NA,NA,0.9375,NA,NA,NA,NA,4,2.27100681302044,2,410,11329.88,4.6625,15298.8,2.2875,5.875,1.175
"65","D17","Apiguard_Api",10,"3-Oct","10","QR","",NA,"",NA,NA,NA,NA,NA,NA,NA,NA,NA,NA,5099.6,0,NA,NA,NA,NA,5099.6,NA,NA,NA,NA,0.7625,NA,NA,NA,NA,2,3.13390313390313,10,1912,16463.25,6.775,27922.4,4.175,4.05,0.525
"66","D19","Apiguard_Api",10,"3-Oct","10","QR","",NA,"",NA,NA,NA,NA,NA,NA,NA,NA,NA,NA,4681.6,0,NA,NA,NA,NA,4681.6,NA,NA,NA,NA,0.7,NA,NA,NA,NA,2,10.3932584269663,30,4269,11876.63,4.8875,20231.2,3.025,4.515,0.125
"67","8","Apiguard_Api",10,"3-Oct","10","QR","",NA,"",NA,NA,NA,NA,NA,NA,NA,NA,NA,NA,3176.8,0,NA,NA,NA,NA,3176.8,NA,NA,NA,NA,0.475,NA,NA,NA,NA,3,8.78048780487805,8,2008,11937.38,4.9125,23993.2,3.5875,5.05,NA
"68","L75","Apiguard_Api",10,"3-Oct","10","QS-B","",NA,"",NA,NA,NA,NA,NA,NA,NA,NA,NA,NA,4263.6,0,NA,NA,NA,NA,4263.6,NA,NA,NA,NA,0.6375,NA,NA,NA,NA,3,7.51515151515152,18,2276,11664,4.8,15549.6,2.325,6.4,0.9
"69","D21","Apivar",10,"3-Oct","10","QR","",NA,"Strong",NA,NA,NA,NA,NA,NA,NA,NA,NA,NA,15716.8,539,NA,NA,NA,NA,16255.8,NA,NA,NA,NA,2.35,NA,NA,NA,NA,3.5,2.61932479627474,11,1605,13365,5.5,22822.8,3.4125,3.675,0.215
"70","D22","AEC",10,"3-Oct","10","QS-B ReMP","",NA,"",NA,NA,NA,NA,NA,NA,NA,NA,NA,NA,2424.4,0,NA,NA,NA,NA,2424.4,NA,NA,NA,NA,0.3625,NA,NA,NA,NA,2,22.6330889384763,46,5241,5971.73,2.4575,16218.4,2.425,4.7,0.425
"71","D23","AEC",10,"3-Oct","10","QS-B","",NA,"",NA,NA,NA,NA,NA,NA,NA,NA,NA,NA,3344,0,NA,NA,NA,NA,3344,NA,NA,NA,NA,0.5,NA,NA,NA,NA,2,23.8473767885533,36,3955,5163.75,2.125,15131.6,2.2625,4.625,0.415
"72","C12","Apiguard_Api",10,"3-Oct","10","QR","",NA,"",NA,NA,NA,NA,NA,NA,NA,NA,NA,NA,4681.6,0,NA,NA,NA,NA,4681.6,NA,NA,NA,NA,0.7,NA,NA,NA,NA,2,9.07504363001745,44,5342,10023.75,4.125,20147.6,3.0125,2.79,0.54
"73","D24","Apiguard_Api",10,"3-Oct","10","QR","",NA,"",NA,NA,NA,NA,NA,NA,NA,NA,NA,NA,1504.8,0,NA,NA,NA,NA,1504.8,NA,NA,NA,NA,0.225,NA,NA,NA,NA,2.5,17.2786177105832,34,4532,8383.5,3.45,18141.2,2.7125,3.15,0.3
"74","D12","AEC",10,"3-Oct","10","QR","",NA,"",NA,NA,NA,NA,NA,NA,NA,NA,NA,NA,7524,0,NA,NA,NA,NA,7524,NA,NA,NA,NA,1.125,NA,NA,NA,NA,2.75,20.0228832951945,43,5269,6226.88,2.5625,18392,2.75,5.925,1.2
"75","D33","AEC",10,"3-Oct","10","QR","",NA,"",NA,NA,NA,NA,NA,NA,NA,NA,NA,NA,3344,0,NA,NA,NA,NA,3344,NA,NA,NA,NA,0.5,NA,NA,NA,NA,1.5,20.2124015073655,71,5740,5346,2.2,13125.2,1.9625,5.425,0.475
"76","D27","Apiguard_Api",10,"3-Oct","10","QR","",NA,"",NA,NA,NA,NA,NA,NA,NA,NA,NA,NA,2758.8,0,NA,NA,NA,NA,2758.8,NA,NA,NA,NA,0.4125,NA,NA,NA,NA,3.5,20.1291302696544,59,8812,14640.75,6.025,18392,2.75,2.465,0.275
"77","D28","Apiguard_Api",10,"3-Oct","10","QR","",NA,"",NA,NA,NA,NA,NA,NA,NA,NA,NA,NA,5852,0,NA,NA,NA,NA,5852,NA,NA,NA,NA,0.875,NA,NA,NA,NA,3.5,15.5015197568389,39,6032,13425.75,5.525,17388.8,2.6,3.725,0.45
"78","D30","AEC",10,"3-Oct","10","QS-B","",NA,"",NA,NA,NA,NA,NA,NA,NA,NA,NA,NA,13376,215.6,NA,NA,NA,NA,13591.6,NA,NA,NA,NA,2,NA,NA,NA,NA,2.5,4.85594043379735,16,2562,16694.1,6.87,20147.6,3.0125,2.815,0.125
"79","C33","Apivar",10,"3-Oct","10","QR","",NA,"",NA,NA,NA,NA,NA,NA,NA,NA,NA,NA,5434,53.9,NA,NA,NA,NA,5487.9,NA,NA,NA,NA,0.8125,NA,NA,NA,NA,2.5,19.5078031212485,85,6320,12818.25,5.275,8778,1.3125,5.25,0.95
"80","C6","Apiguard_Api",10,"3-Oct","10","QR","",NA,"",NA,NA,NA,NA,NA,NA,NA,NA,NA,NA,5016,0,NA,NA,NA,NA,5016,NA,NA,NA,NA,0.75,NA,NA,NA,NA,2,23.610711200691,42,5580,8687.25,3.575,16803.6,2.5125,4.025,0.34
"81","BC15","Apivar",10,"3-Oct","10","QS-B","",NA,"",NA,NA,NA,NA,NA,NA,NA,NA,NA,NA,4347.2,0,NA,NA,NA,NA,4347.2,NA,NA,NA,NA,0.65,NA,NA,NA,NA,3,16.4527805199079,68,8448,13000.5,5.35,18559.2,2.775,5.775,1.325
"82","N42","AEC",10,"3-Oct","10","QR","",NA,"",NA,NA,NA,NA,NA,NA,NA,NA,NA,NA,4765.2,0,NA,NA,NA,NA,4765.2,NA,NA,NA,NA,0.7125,NA,NA,NA,NA,2.5,13.6785539814362,57,6114,13699.13,5.6375,14880.8,2.225,5.29,0.215
"83","D26","AEC",10,"3-Oct","10","QS-B","",NA,"",NA,NA,NA,NA,NA,NA,NA,NA,NA,NA,11620.4,0,NA,NA,NA,NA,11620.4,NA,NA,NA,NA,1.7375,NA,NA,NA,NA,2.5,12.2699386503067,20,3500,10388.25,4.275,22070.4,3.3,2.65,0.125
"84","L76","Apivar",10,"3-Oct","10","QS-G ReMP","",NA,"",NA,NA,NA,NA,NA,NA,NA,NA,NA,NA,10199.2,0,NA,NA,NA,NA,10199.2,NA,NA,NA,NA,1.525,NA,NA,NA,NA,3,5.85885486018642,3,1292,14276.25,5.875,23073.6,3.45,3.025,0.925
"85","62","Apivar",10,"3-Oct","10","QS-B","",NA,"",NA,NA,NA,NA,NA,NA,NA,NA,NA,NA,7858.4,0,NA,NA,NA,NA,7858.4,NA,NA,NA,NA,1.175,NA,NA,NA,NA,2,1.8201674554059,27,1544,10449,4.3,10032,1.5,4.025,0.25
"86","N22","Apivar",10,"3-Oct","10","QR","",NA,"Weak - only in top",NA,NA,NA,NA,NA,NA,NA,NA,NA,NA,4263.6,0,NA,NA,NA,NA,4263.6,NA,NA,NA,NA,0.6375,NA,NA,NA,NA,3,13.5329686150302,28,2669,5923.13,2.4375,12456.4,1.8625,4.825,0.125
"87","L79","AEC",10,"3-Oct","10","QR","",NA,"",NA,NA,NA,NA,NA,NA,NA,NA,NA,NA,10032,0,NA,NA,NA,NA,10032,NA,NA,NA,NA,1.5,NA,NA,NA,NA,3,6.56598818122127,15,2445,10023.75,4.125,23826,3.5625,2.65,0.465
"88","4","AEC",10,"3-Oct","10","QR","",NA,"",NA,NA,NA,NA,NA,NA,NA,NA,NA,NA,7942,0,NA,NA,NA,NA,7942,NA,NA,NA,NA,1.1875,NA,NA,NA,NA,2.5,5.93647966755714,29,3102,9112.5,3.75,16552.8,2.475,4.715,0.35
"89","S1","Apiguard_Api",10,"3-Oct","10","QS-B","",NA,"",NA,NA,NA,NA,NA,NA,NA,NA,NA,NA,3678.4,0,NA,NA,NA,NA,3678.4,NA,NA,NA,NA,0.55,NA,NA,NA,NA,3.5,7.09219858156028,17,1973,8383.5,3.45,16218.4,2.425,4.1,NA
"90","17","Apivar",10,"3-Oct","10","QS-B","",NA,"",NA,NA,NA,NA,NA,NA,NA,NA,NA,NA,5183.2,0,NA,NA,NA,NA,5183.2,NA,NA,NA,NA,0.775,NA,NA,NA,NA,2,6.7543547813722,20,1946,7654.5,3.15,14295.6,2.1375,3.225,NA
"91","C8","Apiguard_Api",10,"3-Oct","10","QS-P","",NA,"Very weak, <4FoB",NA,NA,NA,NA,NA,NA,NA,NA,NA,NA,1588.4,0,NA,NA,NA,NA,1588.4,NA,NA,NA,NA,0.2375,NA,NA,NA,NA,2.5,9.64737192282102,50,3461,9234,3.8,10282.8,1.5375,6.525,NA
"92","C2","AEC",10,"3-Oct","10","QR","",NA,"",NA,NA,NA,NA,NA,NA,NA,NA,NA,NA,6437.2,0,NA,NA,NA,NA,6437.2,NA,NA,NA,NA,0.9625,NA,NA,NA,NA,2.5,4.06631216765718,13,1952,19561.5,8.05,17806.8,2.6625,3.125,NA
"93","N51","AEC",10,"3-Oct","10","QS-B","",NA,"",NA,NA,NA,NA,NA,NA,NA,NA,NA,NA,12623.6,53.9,NA,NA,NA,NA,12677.5,NA,NA,NA,NA,1.8875,NA,NA,NA,NA,3.5,5.46875,32,3804,12089.25,4.975,19646,2.9375,6.375,NA
"94","C15","Apivar",10,"3-Oct","10","QS-P","",NA,"",NA,NA,NA,NA,NA,NA,NA,NA,NA,NA,4848.8,0,NA,NA,NA,NA,4848.8,NA,NA,NA,NA,0.725,NA,NA,NA,NA,2.5,16.1086544535692,12,1583,5315.63,2.1875,12122,1.8125,3.175,NA
"95","D10","Apiguard_Api",17,"14-Oct","21","QR","",3,"",380.1,380,7,373,1.84162062615101,33,NA,NA,NA,7198.88,9697.6,0,132,1600,NA,1732,9697.6,16896.48,42.6057971837921,57.3942028162079,2.9625,1.45,4.85,0.59,NA,NA,3,5.35601764335224,23,2620,8899.88,3.6625,18642.8,2.7875,3.39,0.275
"96","D20","Apivar",17,"14-Oct","21","QS-B","",2,"",284.5,284,8,276,2.81195079086116,64,NA,NA,NA,7198.88,6186.4,0,202,1979,NA,2182,6186.4,13385.28,53.7820650744699,46.2179349255301,2.9625,0.925,4.44,0.465,NA,NA,3,8.34403080872914,28,3447,9902.25,4.075,18726.4,2.8,3.925,0.625
"97","D15","AEC",17,"14-Oct","21","QR","",3.5,"",359.4,359,5,354,1.39120756816917,24,NA,NA,NA,13243.5,6520.8,0,184,782,NA,966,6520.8,19764.3,67.0071796117242,32.9928203882758,5.45,0.975,4.775,0.54,NA,NA,3,5.48095368594135,29,3308,10831.73,4.4575,18726.4,2.8,4.95,0.375
"98","D16","AEC",17,"14-Oct","21","QS-B","",2.5,"",370.2,370,0,370,0,18,NA,NA,NA,15795,10700.8,0,0,963,NA,963,10700.8,26495.8,59.6132217181591,40.3867782818409,6.5,1.6,4.15,0.4,NA,NA,3,4.44909709500131,27,3882,12259.35,5.045,23324.4,3.4875,3.1,0.275
"99","D5","Apivar",17,"14-Oct","21","QR","",2,"",343.2,343,6,337,1.74825174825175,34,NA,NA,NA,5680.13,5099.6,0,99,866,NA,966,5099.6,10779.73,52.6926926741208,47.3073073258792,2.3375,0.7625,2.79,0.84,NA,NA,2.75,16.3162849074365,42,6208,10114.88,4.1625,20565.6,3.075,3.95,1.35
"100","D6","Apiguard_Api",17,"14-Oct","21","QS-B","",3.5,"",349.4,349,8,341,2.28963938179737,18,NA,NA,NA,14033.25,12540,0,321,1128,NA,1449,12540,26573.25,52.8096864327849,47.1903135672151,5.775,1.875,3.015,1.375,NA,NA,2.75,4.88698839340257,22,3032,10600.88,4.3625,22404.8,3.35,4,0.365
"101","9","Apivar",17,"14-Oct","21","QR","",2.5,"",316.5,316,1,315,0.315955766192733,21,NA,NA,NA,18589.5,8778,0,58,921,NA,980,8778,27367.5,67.9254590298712,32.0745409701288,7.65,1.3125,4.55,0.815,NA,NA,3,0.651465798045603,16,1896,17010,7,22321.2,3.3375,4.025,1.05
"102","D7","Apivar",17,"14-Oct","21","QR","",2,"Few bees; weak",251.4,251,8,243,3.18217979315831,53,NA,NA,NA,4131,8025.6,0,131,2126,NA,2258,8025.6,12156.6,33.9815408913677,66.0184591086323,1.7,1.2,2.075,1.525,NA,NA,1.75,6.36389933468325,62,4193,6955.88,2.8625,11453.2,1.7125,2.65,2.175
"103","D8","Apivar",17,"14-Oct","21","QS-B","",2,"",263.8,263,3,260,1.13722517058378,NA,NA,NA,NA,5437.13,4263.6,0,61,NA,NA,NA,4263.6,9700.73,56.0486685022674,43.9513314977327,2.2375,0.6375,5.55,0.94,NA,NA,3.5,10.862818125388,22,4315,14198.49,5.843,20174.35,3.0165,2.925,0.065
"104","RC1","Apivar",17,"14-Oct","21","QS-B","",2.5,"",291.9,291,1,290,0.342583076396026,6,NA,NA,NA,4282.88,11620.4,0,14,348,NA,363,11620.4,15903.28,26.930796665845,73.069203334155,1.7625,1.7375,2.95,1.24,NA,NA,2,22.6582574164915,58,6048,7543.94,3.1045,14964.4,2.2375,3.915,1.09
"105","D11","Apivar",17,"14-Oct","21","QS-B","",1.5,"",274.9,274,7,267,2.54638050200073,44,NA,NA,NA,4860,5935.6,0,123,1305,NA,1429,5935.6,10795.6,45.0183408055134,54.9816591944866,2,0.8875,4.615,0.725,NA,NA,3,17.3936312550174,38,5923,9446.63,3.8875,21819.6,3.2625,5.075,0.15
"106","D25","Apivar",17,"14-Oct","21","QS-B","",2.5,"",264.2,264,8,256,3.02800908402725,59,NA,NA,NA,8535.38,9614,0,258,2836,NA,3094,9614,18149.38,47.0284935353164,52.9715064646836,3.5125,1.4375,3.04,1.025,NA,NA,2,8.10961968680089,16,2084,7563.38,3.1125,18392,2.75,4.65,0.075
"107","D13","Apiguard_Api",17,"14-Oct","21","QR","",2,"Weak",267.9,267,4,263,1.49309443822322,11,NA,NA,NA,2794.5,5601.2,0,41,308,NA,349,5601.2,8395.7,33.2848958395369,66.7151041604631,1.15,0.8375,1.85,0.49,NA,NA,2.5,26.2357414448669,44,5308,5862.38,2.4125,17138,2.5625,4.65,0.675
"108","N5","AEC",17,"14-Oct","21","QS-P","",3.5,"",322,322,1,321,0.31055900621118,6,NA,NA,NA,8687.25,10199.2,0,26,305,NA,332,10199.2,18886.45,45.9972625877282,54.0027374122718,3.575,1.525,3.35,0.74,NA,NA,2.5,4.92264416315049,7,787,5771.25,2.375,14379.2,2.15,3.625,0.075
"109","N68","AEC",17,"14-Oct","21","QR","",3,"95% of towel remaining",252.1,252,1,251,0.396667988893296,36,NA,NA,NA,14640.75,10784.4,0,58,1941,NA,1999,10784.4,25425.15,57.5837310694332,42.4162689305668,6.025,1.6125,5.925,2.25,NA,NA,2,11.0941086457536,25,2734,10995.75,4.525,12122,1.8125,3.75,0.215
"110","D3","Apiguard_Api",17,"14-Oct","21","QS-P","",3,"",287.2,287,12,275,4.17827298050139,14,NA,NA,NA,3888,6520.8,0,162,456,NA,618,6520.8,10408.8,37.3530089923911,62.646991007609,1.6,0.975,4.365,0.515,NA,NA,2,12.388162422574,70,3649,6773.63,2.7875,7189.6,1.075,3.49,0.59
"111","2","Apiguard_Api",17,"14-Oct","21","QR","",3,"",278.3,278,0,278,0,NA,NA,NA,NA,6864.75,11536.8,0,0,NA,NA,NA,11536.8,18401.55,37.305281348582,62.694718651418,2.825,1.725,8.5,1.09,NA,NA,4,2.27100681302044,2,410,11329.88,4.6625,15298.8,2.2875,5.875,1.175
"112","D17","Apiguard_Api",17,"14-Oct","21","QS-MP","",3.5,"",261,261,2,259,0.766283524904215,1,NA,NA,NA,10752.75,12958,0,82,64,NA,147,12958,23710.75,45.3496831605917,54.6503168394083,4.425,1.9375,5.815,1.5,NA,NA,2,3.13390313390313,10,1912,16463.25,6.775,27922.4,4.175,4.05,0.525
"113","D19","Apiguard_Api",17,"14-Oct","21","QS-P","",2.5,"",272.1,272,2,270,0.735023888276369,NA,NA,NA,NA,5103,8861.6,0,37,NA,NA,NA,8861.6,13964.6,36.5424000687453,63.4575999312547,2.1,1.325,3.39,0.34,NA,NA,2,10.3932584269663,30,4269,11876.63,4.8875,20231.2,3.025,4.515,0.125
"114","8","Apiguard_Api",17,"14-Oct","21","QR","",3,"",291.3,291,1,290,0.343288705801579,21,NA,NA,NA,7229.25,10115.6,0,24,1062,NA,1086,10115.6,17344.85,41.6795187043993,58.3204812956007,2.975,1.5125,4,0.465,NA,NA,3,8.78048780487805,8,2008,11937.38,4.9125,23993.2,3.5875,5.05,NA
"115","L75","Apiguard_Api",17,"14-Oct","21","QS-B","",2.5,"Quite weak",355.4,355,3,352,0.84411930219471,6,NA,NA,NA,5771.25,7022.4,0,48,210,NA,259,7022.4,12793.65,45.1102695477835,54.8897304522165,2.375,1.05,4.89,0.3,NA,NA,3,7.51515151515152,18,2276,11664,4.8,15549.6,2.325,6.4,0.9
"116","D21","Apivar",17,"14-Oct","21","QR","",3.5,"1x emergency cell torn down (must be from previous queenlessness)",281.8,281,13,268,4.61320085166785,NA,NA,NA,NA,19440,11787.6,377.3,896,NA,NA,NA,12164.9,31604.9,61.509449484099,38.490550515901,8,1.7625,5.25,0.95,NA,NA,3.5,2.61932479627474,11,1605,13365,5.5,22822.8,3.4125,3.675,0.215
"117","D22","AEC",17,"14-Oct","21","QR","",2.5,"Fairly weak",285.4,285,0,285,0,33,NA,NA,NA,4222.13,7189.6,0,0,1186,NA,1186,7189.6,11411.73,36.9981589119266,63.0018410880734,1.7375,1.075,4,0.875,NA,NA,2,22.6330889384763,46,5241,5971.73,2.4575,16218.4,2.425,4.7,0.425
"118","D23","AEC",17,"14-Oct","21","QR","",2.5,"Extremely weak",348.7,348,0,348,0,6,NA,NA,NA,3280.5,6270,0,0,188,NA,188,6270,9550.5,34.3489869640333,65.6510130359667,1.35,0.9375,4.19,0.89,NA,NA,2,23.8473767885533,36,3955,5163.75,2.125,15131.6,2.2625,4.625,0.415
"119","C12","Apiguard_Api",17,"14-Oct","21","QR","",3,"Weak",262.5,262,0,262,0,NA,NA,NA,NA,3766.5,9864.8,0,0,NA,NA,NA,9864.8,13631.3,27.6312604080315,72.3687395919685,1.55,1.475,1.025,0.29,NA,NA,2,9.07504363001745,44,5342,10023.75,4.125,20147.6,3.0125,2.79,0.54
"120","D24","Apiguard_Api",17,"14-Oct","21","QL","Age of youngest worker brood is ~4th instar",3,"Weak",285.2,285,4,281,1.40252454417952,18,NA,NA,NA,6378.75,8192.8,0,89,737,NA,826,8192.8,14571.55,43.7753704993635,56.2246295006365,2.625,1.225,3.315,0.54,NA,NA,2.5,17.2786177105832,34,4532,8383.5,3.45,18141.2,2.7125,3.15,0.3
"121","D12","AEC",17,"14-Oct","21","QR","",3,"",274,274,1,273,0.364963503649635,NA,NA,NA,NA,7107.75,9864.8,0,25,NA,NA,NA,9864.8,16972.55,41.8779146327452,58.1220853672548,2.925,1.475,5.025,1.69,NA,NA,2.75,20.0228832951945,43,5269,6226.88,2.5625,18392,2.75,5.925,1.2
"122","D33","AEC",17,"14-Oct","21","QS-B","",2,"Light weight",274.4,274,1,273,0.364431486880467,NA,NA,NA,NA,3553.88,4096.4,0,12,NA,NA,NA,4096.4,7650.28,46.454247426238,53.545752573762,1.4625,0.6125,3.25,0.815,NA,NA,1.5,20.2124015073655,71,5740,5346,2.2,13125.2,1.9625,5.425,0.475
"123","D27","Apiguard_Api",17,"14-Oct","21","QS-B","",2.5,"",301.8,301,1,300,0.331345261762757,NA,NA,NA,NA,5680.13,6771.6,0,18,NA,NA,NA,6771.6,12451.73,45.6171953616084,54.3828046383916,2.3375,1.0125,2.765,0.44,NA,NA,3.5,20.1291302696544,59,8812,14640.75,6.025,18392,2.75,2.465,0.275
"124","D28","Apiguard_Api",17,"14-Oct","21","QR","",2.5,"",284.5,284,2,282,0.70298769771529,58,NA,NA,NA,9780.75,11954.8,0,68,3466,NA,3535,11954.8,21735.55,44.9988613124582,55.0011386875418,4.025,1.7875,2.5,1.34,NA,NA,3.5,15.5015197568389,39,6032,13425.75,5.525,17388.8,2.6,3.725,0.45
"125","D30","AEC",17,"14-Oct","21","QS-B","",3,"",337,337,4,333,1.18694362017804,NA,NA,NA,NA,14944.5,19144.4,53.9,177,NA,NA,NA,19198.3,34142.8,43.7705753482433,56.2294246517567,6.15,2.8625,3.44,0.74,NA,NA,2.5,4.85594043379735,16,2562,16694.1,6.87,20147.6,3.0125,2.815,0.125
"126","C33","Apivar",17,"14-Oct","21","QR","",2.5,"",280,280,4,276,1.42857142857143,19,NA,NA,NA,3979.13,6437.2,0,56,611,NA,668,6437.2,10416.33,38.2008826525273,61.7991173474727,1.6375,0.9625,4.015,1.065,NA,NA,2.5,19.5078031212485,85,6320,12818.25,5.275,8778,1.3125,5.25,0.95
"127","C6","Apiguard_Api",17,"14-Oct","21","QL","",2,"Very weak",282.7,282,5,277,1.76865935620799,10,NA,NA,NA,2855.25,6102.8,0,50,305,NA,355,6102.8,8958.05,31.8735662337227,68.1264337662773,1.175,0.9125,2.515,0.79,NA,NA,2,23.610711200691,42,5580,8687.25,3.575,16803.6,2.5125,4.025,0.34
"128","BC15","Apivar",17,"14-Oct","21","QR","",3,"",303,303,1,302,0.33003300330033,NA,NA,NA,NA,7776,2090,107.8,25,NA,NA,NA,2197.8,9973.8,77.9642663779101,22.0357336220899,3.2,0.3125,5.525,1.225,NA,NA,3,16.4527805199079,68,8448,13000.5,5.35,18559.2,2.775,5.775,1.325
"129","N42","AEC",17,"14-Oct","21","QR","",3,"",370.9,370,0,370,0,2,NA,NA,NA,7107.75,6019.2,0,0,60,NA,60,6019.2,13126.95,54.1462411298893,45.8537588701107,2.925,0.9,4.825,0.225,NA,NA,2.5,13.6785539814362,57,6114,13699.13,5.6375,14880.8,2.225,5.29,0.215
"130","D26","AEC",17,"14-Oct","21","QS-B","",3.5,"",255.4,255,1,254,0.391542678151919,23,NA,NA,NA,14883.75,14212,0,58,1634,NA,1692,14212,29095.75,51.1543782167499,48.8456217832501,6.125,2.125,4.6,1.09,NA,NA,2.5,12.2699386503067,20,3500,10388.25,4.275,22070.4,3.3,2.65,0.125
"131","L76","Apivar",17,"14-Oct","21","QR","",3.5,"",262.3,262,1,261,0.381242851696531,NA,NA,NA,NA,15673.5,15716.8,0,59,NA,NA,NA,15716.8,31390.3,49.9310296492866,50.0689703507134,6.45,2.35,9.425,1,NA,NA,3,5.85885486018642,3,1292,14276.25,5.875,23073.6,3.45,3.025,0.925
"132","62","Apivar",17,"14-Oct","21","QR","",3.5,"",322.1,322,2,320,0.620925178515989,7,NA,NA,NA,11117.25,12874.4,0,69,450,NA,519,12874.4,23991.65,46.3379967613732,53.6620032386268,4.575,1.925,4.875,0.625,NA,NA,2,1.8201674554059,27,1544,10449,4.3,10032,1.5,4.025,0.25
"133","N22","Apivar",17,"14-Oct","21","QS-NM","",2,"Super weak. Flighty queen.",303.1,303,6,297,1.97954470471791,45,NA,NA,NA,2399.63,3176.8,0,47,714,NA,762,3176.8,5576.43,43.0316528675156,56.9683471324844,0.9875,0.475,3.64,0.115,NA,NA,3,13.5329686150302,28,2669,5923.13,2.4375,12456.4,1.8625,4.825,0.125
"134","L79","AEC",17,"14-Oct","21","QS-MP","",3.5,"",275.6,275,0,275,0,7,NA,NA,NA,10692,10450,0,0,365,NA,365,10450,21142,50.5723204994797,49.4276795005203,4.4,1.5625,4.25,1.275,NA,NA,3,6.56598818122127,15,2445,10023.75,4.125,23826,3.5625,2.65,0.465
"135","4","AEC",17,"14-Oct","21","QS-MP","",3.5,"",309.8,309,0,309,0,NA,NA,NA,NA,8474.63,7942,161.7,0,NA,NA,NA,8103.7,16578.33,51.1187194367587,48.8812805632413,3.4875,1.1875,4.275,0.09,NA,NA,2.5,5.93647966755714,29,3102,9112.5,3.75,16552.8,2.475,4.715,0.35
"136","S1","Apiguard_Api",17,"14-Oct","21","QS-B","",3.5,"",360.7,360,0,360,0,6,NA,NA,NA,9993.38,10032,0,0,300,NA,300,10032,20025.38,49.9035723666667,50.0964276333333,4.1125,1.5,4.29,0.79,NA,NA,3.5,7.09219858156028,17,1973,8383.5,3.45,16218.4,2.425,4.1,NA
"137","17","Apivar",17,"14-Oct","21","QS-B","",3,"",378.8,378,2,376,0.527983104540655,21,NA,NA,NA,10631.25,12874.4,0,56,1351,NA,1407,12874.4,23505.65,45.2284876189342,54.7715123810658,4.375,1.925,3.575,0.64,NA,NA,2,6.7543547813722,20,1946,7654.5,3.15,14295.6,2.1375,3.225,NA
"138","C8","Apiguard_Api",17,"14-Oct","21","QS-P","",1.5,"Also saw another queen QS-MP. This one looked terrible, very small. We were going to kill her but she escaped. SHB larvae in bottom box.",329.9,329,2,327,0.606244316459533,15,NA,NA,NA,1579.5,1504.8,0,9,112,NA,122,1504.8,3084.3,51.2109716953604,48.7890283046396,0.65,0.225,0.975,0.975,NA,NA,2.5,9.64737192282102,50,3461,9234,3.8,10282.8,1.5375,6.525,NA
"139","C2","AEC",17,"14-Oct","21","QS-P","",3.5,"",286.3,286,0,286,0,5,NA,NA,NA,10084.5,6437.2,0,0,160,NA,160,6437.2,16521.7,61.0379077213604,38.9620922786396,4.15,0.9625,7.55,0.775,NA,NA,2.5,4.06631216765718,13,1952,19561.5,8.05,17806.8,2.6625,3.125,NA
"140","N51","AEC",17,"14-Oct","21","QS-B","",3.5,"Heavy",377.8,377,2,375,0.529380624669137,4,NA,NA,NA,17313.75,8360,0,91,167,NA,258,8360,25673.75,67.4375578168363,32.5624421831637,7.125,1.25,6.625,0.79,NA,NA,3.5,5.46875,32,3804,12089.25,4.975,19646,2.9375,6.375,NA
"141","C15","Apivar",17,"14-Oct","21","QS-P","",1.5,"Extremely weak",339,339,20,319,5.89970501474926,46,NA,NA,NA,3493.13,4848.8,0,206,1115,NA,1321,4848.8,8341.93,41.8743624077402,58.1256375922598,1.4375,0.725,1.3,0.8,NA,NA,2.5,16.1086544535692,12,1583,5315.63,2.1875,12122,1.8125,3.175,NA
"142","D10","Apiguard_Api",22,"4-Nov","42","QR","",3,"",381.4,381,6,375,1.57315154693235,10,NA,NA,NA,6561,4180,0,103,209,NA,312,4180,10741,61.0836979797039,38.9163020202961,2.7,0.625,6.29,0.14,NA,NA,3,5.35601764335224,23,2620,8899.88,3.6625,18642.8,2.7875,3.39,0.275
"143","D20","Apivar",22,"4-Nov","42","QS-B","",1.5,"Bad pattern",307.3,307,30,277,9.7624471200781,58,NA,NA,NA,3098.25,3009.6,0,302,872,NA,1175,3009.6,6107.85,50.7257054446327,49.2742945553673,1.275,0.45,4.125,0.275,NA,NA,3,8.34403080872914,28,3447,9902.25,4.075,18726.4,2.8,3.925,0.625
"144","D15","AEC",22,"4-Nov","42","VS","",2.5,"",347.4,347,26,321,7.48416810592976,21,NA,NA,NA,13152.38,5768.4,0,984,605,NA,1589,5768.4,18920.78,69.5128847753634,30.4871152246366,5.4125,0.8625,6.05,0.275,NA,NA,3,5.48095368594135,29,3308,10831.73,4.4575,18726.4,2.8,4.95,0.375
"145","D16","AEC",22,"4-Nov","42","QS-B","",2.75,"",334.7,334,6,328,1.79265013444876,6,NA,NA,NA,13243.5,6938.8,0,237,208,NA,445,6938.8,20182.3,65.6193793571595,34.3806206428405,5.45,1.0375,6.3,0.4,NA,NA,3,4.44909709500131,27,3882,12259.35,5.045,23324.4,3.4875,3.1,0.275
"146","D5","Apivar",22,"4-Nov","42","QS-B","",1.75,"Some insect is getting into the pollen",335.2,335,7,328,2.08830548926014,12,NA,NA,NA,2976.75,2675.2,0,62,160,NA,222,2675.2,5651.95,52.6676633728182,47.3323366271818,1.225,0.4,3.175,0.375,NA,NA,2.75,16.3162849074365,42,6208,10114.88,4.1625,20565.6,3.075,3.95,1.35
"147","D6","Apiguard_Api",22,"4-Nov","42","QS-B","",3,"",352.5,352,5,347,1.41843971631206,42,NA,NA,NA,9598.5,2424.4,53.9,136,509,NA,645,2478.3,12076.8,79.4788354531002,20.5211645468998,3.95,0.3625,4.825,0.59,NA,NA,2.75,4.88698839340257,22,3032,10600.88,4.3625,22404.8,3.35,4,0.365
"148","9","Apivar",22,"4-Nov","42","QR","",3,"",392.9,392,6,386,1.5271061338763,5,NA,NA,NA,11390.63,4430.8,0,173,110,NA,284,4430.8,15821.43,71.9949460952645,28.0050539047355,4.6875,0.6625,6.75,0.59,NA,NA,3,0.651465798045603,16,1896,17010,7,22321.2,3.3375,4.025,1.05
"149","D7","Apivar",22,"4-Nov","42","QS-B","",2.5,"",323.3,323,10,313,3.09310238168883,7,NA,NA,NA,3979.13,7440.4,0,123,260,NA,383,7440.4,11419.53,34.8449542144029,65.1550457855971,1.6375,1.1125,1.525,1.3,NA,NA,1.75,6.36389933468325,62,4193,6955.88,2.8625,11453.2,1.7125,2.65,2.175
"150","D8","Apivar",22,"4-Nov","42","QS-B","",1.5,"3/4 gallon still in feeder. Only 1 frame has brood worth exhuming",334.3,334,44,290,13.1618306909961,21,NA,NA,NA,4039.88,1337.6,0,531,140,NA,672,1337.6,5377.48,75.1258954008197,24.8741045991803,1.6625,0.2,6.615,1.025,NA,NA,3.5,10.862818125388,22,4315,14198.49,5.843,20174.35,3.0165,2.925,0.065
"151","RC1","Apivar",22,"4-Nov","42","QS-B","",3,"2 supersedure cells seen",356.6,356,8,348,2.24340998317443,6,NA,NA,NA,5437.13,5684.8,0,121,170,NA,292,5684.8,11121.93,48.886569147621,51.113430852379,2.2375,0.85,1.95,0.4,NA,NA,2,22.6582574164915,58,6048,7543.94,3.1045,14964.4,2.2375,3.915,1.09
"152","D11","Apivar",22,"4-Nov","42","QS-B","",2,"",353.5,353,12,341,3.39462517680339,12,NA,NA,NA,4100.63,4347.2,0,139,260,NA,400,4347.2,8447.83,48.5406311443294,51.4593688556706,1.6875,0.65,4.415,0.5,NA,NA,3,17.3936312550174,38,5923,9446.63,3.8875,21819.6,3.2625,5.075,0.15
"153","D25","Apivar",22,"4-Nov","42","QS-B","",2.5,"",318.4,318,13,305,4.08291457286432,15,NA,NA,NA,6804,5517.6,0,277,413,NA,691,5517.6,12321.6,55.2201012855473,44.7798987144527,2.8,0.825,4.44,0.475,NA,NA,2,8.10961968680089,16,2084,7563.38,3.1125,18392,2.75,4.65,0.075
"154","N5","AEC",22,"4-Nov","42","QS-P","",3,"Small queen, no eggs seen",325.1,325,29,296,8.92033220547524,8,NA,NA,NA,7016.63,3678.4,0,625,147,NA,773,3678.4,10695.03,65.6064545868501,34.3935454131498,2.8875,0.55,4.625,0.25,NA,NA,2.5,4.92264416315049,7,787,5771.25,2.375,14379.2,2.15,3.625,0.075
"155","N68","AEC",22,"4-Nov","42","QR","",3.5,"",305.5,305,12,293,3.92798690671031,9,NA,NA,NA,10935,7022.4,0,429,316,NA,745,7022.4,17957.4,60.8941160747101,39.1058839252899,4.5,1.05,6.315,0.575,NA,NA,2,11.0941086457536,25,2734,10995.75,4.525,12122,1.8125,3.75,0.215
"156","D3","Apiguard_Api",22,"4-Nov","42","QR","",3,"",356.7,356,10,346,2.80347631062518,12,NA,NA,NA,4617,4263.6,0,129,255,NA,385,4263.6,8880.6,51.98973042362,48.01026957638,1.9,0.6375,4.275,0.025,NA,NA,2,12.388162422574,70,3649,6773.63,2.7875,7189.6,1.075,3.49,0.59
"157","2","Apiguard_Api",22,"4-Nov","42","QR","",3,"",298.4,298,0,298,0,4,NA,NA,NA,9811.13,7106,0,0,142,NA,142,7106,16917.13,57.9952391451742,42.0047608548259,4.0375,1.0625,7.75,0.44,NA,NA,4,2.27100681302044,2,410,11329.88,4.6625,15298.8,2.2875,5.875,1.175
"158","D17","Apiguard_Api",22,"4-Nov","42","QR","",3,"",275.5,275,1,274,0.362976406533575,3,NA,NA,NA,10692,5099.6,0,38,76,NA,115,5099.6,15791.6,67.7068821398718,32.2931178601282,4.4,0.7625,6.625,0.14,NA,NA,2,3.13390313390313,10,1912,16463.25,6.775,27922.4,4.175,4.05,0.525
"159","D19","Apiguard_Api",22,"4-Nov","42","QS-B","",2.75,"",316.3,316,5,311,1.58077774264938,18,NA,NA,NA,6652.13,4765.2,0,105,428,NA,534,4765.2,11417.33,58.2634468829402,41.7365531170598,2.7375,0.7125,5.325,0.025,NA,NA,2,10.3932584269663,30,4269,11876.63,4.8875,20231.2,3.025,4.515,0.125
"160","8","Apiguard_Api",22,"4-Nov","42","QS-B","",3,"",347.4,347,24,323,6.90846286701209,20,NA,NA,NA,9932.63,4180,0,686,418,NA,1104,4180,14112.63,70.3811408646014,29.6188591353986,4.0875,0.625,4.4,0.025,NA,NA,3,8.78048780487805,8,2008,11937.38,4.9125,23993.2,3.5875,5.05,NA
"161","L75","Apiguard_Api",22,"4-Nov","42","QS-B","",2.5,"",331.8,331,4,327,1.20554550934298,32,NA,NA,NA,5346,2006.4,0,64,321,NA,385,2006.4,7352.4,72.7109515260323,27.2890484739677,2.2,0.3,6.09,0.09,NA,NA,3,7.51515151515152,18,2276,11664,4.8,15549.6,2.325,6.4,0.9
"162","D21","Apivar",22,"4-Nov","42","QS-B","",2.5,"Mite on bee",307.7,307,15,292,4.8748781280468,20,NA,NA,NA,10145.25,9697.6,0,494,969,NA,1464,9697.6,19842.85,51.1279881670224,48.8720118329776,4.175,1.45,6.225,0.815,NA,NA,3.5,2.61932479627474,11,1605,13365,5.5,22822.8,3.4125,3.675,0.215
"163","D22","AEC",22,"4-Nov","42","QS-P","",2.5,"Chilled brood in bottom box",299.7,299,5,294,1.66833500166834,10,NA,NA,NA,4586.63,4765.2,0,76,238,NA,314,4765.2,9351.83,49.0452670760696,50.9547329239304,1.8875,0.7125,2.89,0.24,NA,NA,2,22.6330889384763,46,5241,5971.73,2.4575,16218.4,2.425,4.7,0.425
"164","D23","AEC",22,"4-Nov","42","QS-B","",3,"3/4 gallon still in feeder",344.8,344,11,333,3.19025522041763,15,NA,NA,NA,3614.63,2926,0,115,219,NA,334,2926,6540.63,55.2642482451996,44.7357517548004,1.4875,0.4375,3.85,0.575,NA,NA,2,23.8473767885533,36,3955,5163.75,2.125,15131.6,2.2625,4.625,0.415
"165","C12","Apiguard_Api",22,"4-Nov","42","QR","",2.5,"",332.2,332,4,328,1.20409391932571,12,NA,NA,NA,4890.38,5016,0,58,300,NA,359,5016,9906.38,49.3659641564325,50.6340358435675,2.0125,0.75,2.2,0.09,NA,NA,2,9.07504363001745,44,5342,10023.75,4.125,20147.6,3.0125,2.79,0.54
"166","D24","Apiguard_Api",22,"4-Nov","42","QR","",2.5,"",317.6,317,2,315,0.629722921914358,8,NA,NA,NA,5224.5,3260.4,0,32,130,NA,163,3260.4,8484.9,61.5740904430223,38.4259095569777,2.15,0.4875,4.675,0.075,NA,NA,2.5,17.2786177105832,34,4532,8383.5,3.45,18141.2,2.7125,3.15,0.3
"167","D12","AEC",22,"4-Nov","42","QNS","",3,"Larvae but no eggs seen",347.9,347,10,337,2.87438919229664,7,NA,NA,NA,6804,5852,0,195,204,NA,400,5852,12656,53.7610619469027,46.2389380530973,2.8,0.875,5.265,0.54,NA,NA,2.75,20.0228832951945,43,5269,6226.88,2.5625,18392,2.75,5.925,1.2
"168","D33","AEC",22,"4-Nov","42","QS-B","",2.5,"",342.3,342,8,334,2.337131171487,15,NA,NA,NA,4434.75,4598,0,103,344,NA,448,4598,9032.75,49.0963438598434,50.9036561401566,1.825,0.6875,1.665,0.2,NA,NA,1.5,20.2124015073655,71,5740,5346,2.2,13125.2,1.9625,5.425,0.475
"169","D27","Apiguard_Api",22,"4-Nov","42","QS-B","",2.5,"",296.1,296,9,287,3.03951367781155,5,NA,NA,NA,7107.75,3344,0,216,83,NA,299,3344,10451.75,68.0053579544095,31.9946420455905,2.925,0.5,3.815,0.05,NA,NA,3.5,20.1291302696544,59,8812,14640.75,6.025,18392,2.75,2.465,0.275
"170","D28","Apiguard_Api",22,"4-Nov","42","QNS","",2.5,"Larvae but no eggs seen",313.2,313,12,301,3.83141762452107,31,NA,NA,NA,8322.75,6520.8,0,318,1010,NA,1329,6520.8,14843.55,56.069808098467,43.930191901533,3.425,0.975,3.475,0.69,NA,NA,3.5,15.5015197568389,39,6032,13425.75,5.525,17388.8,2.6,3.725,0.45
"171","D30","AEC",22,"4-Nov","42","QS-B","",3,"",355.9,355,17,338,4.7766226468109,19,NA,NA,NA,14853.38,6938.8,0,709,659,NA,1368,6938.8,21792.18,68.1592204175993,31.8407795824007,6.1125,1.0375,8.2,0.35,NA,NA,2.5,4.85594043379735,16,2562,16694.1,6.87,20147.6,3.0125,2.815,0.125
"172","C33","Apivar",22,"4-Nov","42","QS-P","",3,"3/4 gallon still in feeder",381.8,381,0,381,0,10,NA,NA,NA,3462.75,6353.6,0,0,317,NA,317,6353.6,9816.35,35.2753314623052,64.7246685376948,1.425,0.95,4.05,0.765,NA,NA,2.5,19.5078031212485,85,6320,12818.25,5.275,8778,1.3125,5.25,0.95
"173","BC15","Apivar",22,"4-Nov","42","QS-B","",3.5,"",317.7,317,3,314,0.944287063267233,9,NA,NA,NA,9507.38,8694.4,0,89,391,NA,481,8694.4,18201.78,52.2332431223759,47.7667568776241,3.9125,1.3,5.925,0.3,NA,NA,3,16.4527805199079,68,8448,13000.5,5.35,18559.2,2.775,5.775,1.325
"174","N42","AEC",22,"4-Nov","42","QS-P","",2.5,"",362.3,362,6,356,1.65608611647806,6,NA,NA,NA,11208.38,4848.8,0,185,145,NA,331,4848.8,16057.18,69.8029168259931,30.1970831740069,4.6125,0.725,5.175,0.125,NA,NA,2.5,13.6785539814362,57,6114,13699.13,5.6375,14880.8,2.225,5.29,0.215
"175","D26","AEC",22,"4-Nov","42","QS-B","",3.5,"",324.9,324,62,262,19.0827947060634,32,NA,NA,NA,11026.13,7942,0,2104,1270,NA,3374,7942,18968.13,58.1297681953888,41.8702318046112,4.5375,1.1875,5.425,0.44,NA,NA,2.5,12.2699386503067,20,3500,10388.25,4.275,22070.4,3.3,2.65,0.125
"176","L76","Apivar",22,"4-Nov","42","QS-P","",3.5,"",283.9,283,4,279,1.40894681225784,8,NA,NA,NA,19318.5,4347.2,0,272,173,NA,446,4347.2,23665.7,81.6307990044664,18.3692009955336,7.95,0.65,9.2,0.6,NA,NA,3,5.85885486018642,3,1292,14276.25,5.875,23073.6,3.45,3.025,0.925
"177","62","Apivar",22,"4-Nov","42","QS-B","",3,"",376.8,376,1,375,0.265392781316348,7,NA,NA,NA,15157.13,4514.4,0,40,158,NA,198,4514.4,19671.53,77.051098719825,22.948901280175,6.2375,0.675,5.7,0.175,NA,NA,2,1.8201674554059,27,1544,10449,4.3,10032,1.5,4.025,0.25
"178","L79","AEC",22,"4-Nov","42","QR","",2.5,"",381.2,381,8,373,2.09863588667366,6,NA,NA,NA,10357.88,5517.6,0,217,165,NA,382,5517.6,15875.48,65.2445154414229,34.7554845585771,4.2625,0.825,4.775,0.365,NA,NA,3,6.56598818122127,15,2445,10023.75,4.125,23826,3.5625,2.65,0.465
"179","4","AEC",22,"4-Nov","42","QS-P","",3,"",353.1,353,4,349,1.1328235627301,9,NA,NA,NA,10388.25,3929.2,53.9,117,176,NA,294,3983.1,14371.35,72.2844409189116,27.7155590810884,4.275,0.5875,5.825,0.115,NA,NA,2.5,5.93647966755714,29,3102,9112.5,3.75,16552.8,2.475,4.715,0.35
"180","S1","Apiguard_Api",22,"4-Nov","42","QS-B","",3,"",313.6,313,3,310,0.956632653061224,12,NA,NA,NA,11117.25,5183.2,0,106,310,NA,417,5183.2,16300.45,68.2021048498661,31.7978951501339,4.575,0.775,5.4,0.55,NA,NA,3.5,7.09219858156028,17,1973,8383.5,3.45,16218.4,2.425,4.1,NA
"181","17","Apivar",22,"4-Nov","42","QS-B","",2.5,"Chilled brood",352,352,17,335,4.82954545454545,6,NA,NA,NA,9477,7106,0,457,213,NA,670,7106,16583,57.1488874148224,42.8511125851776,3.9,1.0625,5.875,0.05,NA,NA,2,6.7543547813722,20,1946,7654.5,3.15,14295.6,2.1375,3.225,NA
"182","C2","AEC",22,"4-Nov","42","QNS","",3.5,"Eggs or queen not seen. Young worker larvae seen but also 2 open q cells that look like supersedure cells",289.2,289,5,284,1.72890733056708,15,NA,NA,NA,9750.38,5852,0,168,438,NA,607,5852,15602.38,62.4929017239677,37.5070982760322,4.0125,0.875,7.975,0.165,NA,NA,2.5,4.06631216765718,13,1952,19561.5,8.05,17806.8,2.6625,3.125,NA
"183","N51","AEC",22,"4-Nov","42","QS-B","",3,"",382.9,382,15,367,3.91747192478454,17,NA,NA,NA,20412,5852,0,799,497,NA,1297,5852,26264,77.7185501066098,22.2814498933902,8.4,0.875,7.475,0.625,NA,NA,3.5,5.46875,32,3804,12089.25,4.975,19646,2.9375,6.375,NA
"184","D10","Apiguard_Api",34,"8-Feb","138","QS-P","",3.5,"",397.4,397,5,392,1.25817815802718,NA,NA,NA,NA,1944,2508,0,NA,NA,NA,NA,2508,4452,43.6657681940701,56.3342318059299,0.8,0.375,5.275,0.09,2,1,3,5.35601764335224,23,2620,8899.88,3.6625,18642.8,2.7875,3.39,0.275
"185","D20","Apivar",34,"8-Feb","138","","",NA,"Dead, picked up at feednig time",NA,NA,NA,NA,NA,NA,NA,NA,NA,0,0,0,NA,NA,NA,NA,0,0,NA,NA,NA,NA,0,0,NA,NA,3,8.34403080872914,28,3447,9902.25,4.075,18726.4,2.8,3.925,0.625
"186","D15","AEC",34,"8-Feb","138","QS-NM","",4.5,"",329.4,329,0,329,0,NA,NA,NA,NA,6804,9864.8,53.9,NA,NA,NA,NA,9918.7,16722.7,40.6872096013204,59.3127903986796,2.8,1.475,3.05,0.115,5,3,3,5.48095368594135,29,3308,10831.73,4.4575,18726.4,2.8,4.95,0.375
"187","D16","AEC",34,"8-Feb","138","QR","",4,"",323.6,323,0,323,0,NA,NA,NA,NA,5072.63,6520.8,0,NA,NA,NA,NA,6520.8,11593.43,43.7543505243918,56.2456494756082,2.0875,0.975,3.8,0.09,7,5,3,4.44909709500131,27,3882,12259.35,5.045,23324.4,3.4875,3.1,0.275
"188","D5","Apivar",34,"8-Feb","138","","",NA,"",NA,NA,NA,NA,NA,NA,NA,NA,NA,0,0,0,NA,NA,NA,NA,0,0,NA,NA,NA,NA,0,0,NA,NA,2.75,16.3162849074365,42,6208,10114.88,4.1625,20565.6,3.075,3.95,1.35
"189","D6","Apiguard_Api",34,"8-Feb","138","QS-B","",1.5,"",335.3,335,0,335,0,NA,NA,NA,NA,759.38,668.8,0,NA,NA,NA,NA,668.8,1428.18,53.1711689002787,46.8288310997213,0.3125,0.1,1.7,0.6,3,1.5,2.75,4.88698839340257,22,3032,10600.88,4.3625,22404.8,3.35,4,0.365
"190","9","Apivar",34,"8-Feb","138","QS-B","",2.5,"",362.6,362,0,362,0,NA,NA,NA,NA,4920.75,7691.2,0,NA,NA,NA,NA,7691.2,12611.95,39.0165676203918,60.9834323796082,2.025,1.15,2.715,0.24,7,5,3,0.651465798045603,16,1896,17010,7,22321.2,3.3375,4.025,1.05
"191","D7","Apivar",34,"8-Feb","138","QL","Yes",0,"Queen cell",345.4,345,1,344,0.289519397799653,NA,NA,NA,NA,850.5,0,0,NA,NA,NA,NA,0,850.5,100,0,0.35,0,1.025,0.69,4,3,1.75,6.36389933468325,62,4193,6955.88,2.8625,11453.2,1.7125,2.65,2.175
"192","D8","Apivar",34,"8-Feb","138","QS-B","",2.5,"Queen removed",201.7,201,1,200,0.495785820525533,NA,NA,NA,NA,516.38,836,0,NA,NA,NA,NA,836,1352.38,38.1830550584895,61.8169449415105,0.2125,0.125,3.45,0.04,NA,NA,3.5,10.862818125388,22,4315,14198.49,5.843,20174.35,3.0165,2.925,0.065
"193","RC1","Apivar",34,"8-Feb","138","QS-B","",0,"Spot of blue on queen. Killed colony",225.3,225,0,225,0,NA,NA,NA,NA,273.38,334.4,0,NA,NA,NA,NA,334.4,607.78,44.9800914804699,55.0199085195301,0.1125,0.05,2.59,0.15,2,1,2,22.6582574164915,58,6048,7543.94,3.1045,14964.4,2.2375,3.915,1.09
"194","D11","Apivar",34,"8-Feb","138","QS-NM","",0,"Skinny queen. Attempted Q replacement",468,468,0,468,0,NA,NA,NA,NA,820.13,0,53.9,NA,NA,NA,NA,53.9,874.03,93.833163621386,6.16683637861401,0.3375,0,1.615,0.115,2,1,3,17.3936312550174,38,5923,9446.63,3.8875,21819.6,3.2625,5.075,0.15
"195","D25","Apivar",34,"8-Feb","138","QS-B","",2.5,"",312.2,312,1,311,0.320307495195388,NA,NA,NA,NA,2004.75,2006.4,0,NA,NA,NA,NA,2006.4,4011.15,49.9794323323735,50.0205676676265,0.825,0.3,1.44,0.74,6,4,2,8.10961968680089,16,2084,7563.38,3.1125,18392,2.75,4.65,0.075
"196","D13","Apiguard_Api",34,"8-Feb","138","","",NA,"",NA,NA,NA,NA,NA,NA,NA,NA,NA,0,0,0,NA,NA,NA,NA,0,0,NA,NA,NA,NA,0,0,NA,NA,2.5,26.2357414448669,44,5308,5862.38,2.4125,17138,2.5625,4.65,0.675
"197","N5","AEC",34,"8-Feb","138","QS-P","",3.5,"",310.4,310,1,309,0.322164948453608,NA,NA,NA,NA,12332.25,17639.6,377.3,NA,NA,NA,NA,18016.9,30349.15,40.634581199144,59.365418800856,5.075,2.6375,6.025,0.04,6,4,2.5,4.92264416315049,7,787,5771.25,2.375,14379.2,2.15,3.625,0.075
"198","N68","AEC",34,"8-Feb","138","QS-B","",2.5,"",303.1,303,1,302,0.329924117452986,NA,NA,NA,NA,4191.75,5350.4,53.9,NA,NA,NA,NA,5404.3,9596.05,43.6820358376624,56.3179641623376,1.725,0.8,1.84,0.325,4,2,2,11.0941086457536,25,2734,10995.75,4.525,12122,1.8125,3.75,0.215
"199","D3","Apiguard_Api",34,"8-Feb","138","QS-NM","",0,"",322.1,322,0,322,0,NA,NA,NA,NA,1458,0,0,NA,NA,NA,NA,0,1458,100,0,0.6,0,2.775,0.25,2,1,2,12.388162422574,70,3649,6773.63,2.7875,7189.6,1.075,3.49,0.59
"200","2","Apiguard_Api",34,"8-Feb","138","QS-B","",4,"",321.3,321,0,321,0,NA,NA,NA,NA,4495.5,6688,0,NA,NA,NA,NA,6688,11183.5,40.1976125542093,59.8023874457907,1.85,1,3.35,0.15,7,5,4,2.27100681302044,2,410,11329.88,4.6625,15298.8,2.2875,5.875,1.175
"201","D17","Apiguard_Api",34,"8-Feb","138","QR","",3.5,"",287.9,287,0,287,0,NA,NA,NA,NA,4131,8360,0,NA,NA,NA,NA,8360,12491,33.0718117044272,66.9281882955728,1.7,1.25,3.65,0.1,4,3,2,3.13390313390313,10,1912,16463.25,6.775,27922.4,4.175,4.05,0.525
"202","D19","Apiguard_Api",34,"8-Feb","138","QS-B","",3.5,"",361.9,361,3,358,0.828958275766786,NA,NA,NA,NA,3796.88,6520.8,0,NA,NA,NA,NA,6520.8,10317.68,36.7997456792612,63.2002543207388,1.5625,0.975,2.45,0.05,4,3,2,10.3932584269663,30,4269,11876.63,4.8875,20231.2,3.025,4.515,0.125
"203","8","Apiguard_Api",34,"8-Feb","138","QS-B","",4,"",357.2,357,1,356,0.279955207166853,NA,NA,NA,NA,2916,4180,0,NA,NA,NA,NA,4180,7096,41.0935738444194,58.9064261555806,1.2,0.625,1.575,0.04,8,6,3,8.78048780487805,8,2008,11937.38,4.9125,23993.2,3.5875,5.05,NA
"204","L75","Apiguard_Api",34,"8-Feb","138","QS-B","",3,"",311.2,311,1,310,0.32133676092545,NA,NA,NA,NA,1458,2340.8,0,NA,NA,NA,NA,2340.8,3798.8,38.3805412235443,61.6194587764557,0.6,0.35,2.675,0.05,3,2,3,7.51515151515152,18,2276,11664,4.8,15549.6,2.325,6.4,0.9
"205","D21","Apivar",34,"8-Feb","138","QS-B","",0,"",331.3,331,1,330,0.301841231512225,NA,NA,NA,NA,1889.33,167.2,0,NA,NA,NA,NA,167.2,2056.53,91.8698001001687,8.13019989983127,0.7775,0.025,2.675,1.565,3,1.5,3.5,2.61932479627474,11,1605,13365,5.5,22822.8,3.4125,3.675,0.215
"206","D22","AEC",34,"8-Feb","138","QS-P","",4,"",363.5,363,0,363,0,NA,NA,NA,NA,2733.75,4180,0,NA,NA,NA,NA,4180,6913.75,39.540770204303,60.459229795697,1.125,0.625,2.19,0.05,4,2,2,22.6330889384763,46,5241,5971.73,2.4575,16218.4,2.425,4.7,0.425
"207","D23","AEC",34,"8-Feb","138","QS-B","",2.5,"Queen removed",183.2,183,0,183,0,NA,NA,NA,NA,334.13,418,0,NA,NA,NA,NA,418,752.13,44.4245010835893,55.5754989164107,0.1375,0.0625,3.025,0.115,2,1,2,23.8473767885533,36,3955,5163.75,2.125,15131.6,2.2625,4.625,0.415
"208","C12","Apiguard_Api",34,"8-Feb","138","QS-B","",2,"Queen removed",313.2,313,2,311,0.638569604086845,NA,NA,NA,NA,546.75,836,0,NA,NA,NA,NA,836,1382.75,39.540770204303,60.459229795697,0.225,0.125,0.915,0.05,2,1,2,9.07504363001745,44,5342,10023.75,4.125,20147.6,3.0125,2.79,0.54
"209","D24","Apiguard_Api",34,"8-Feb","138","QS-B","",1.5,"",300.5,300,0,300,0,NA,NA,NA,NA,2885.63,2842.4,0,NA,NA,NA,NA,2842.4,5728.03,50.3773548672056,49.6226451327943,1.1875,0.425,1.665,0.075,4,3,2.5,17.2786177105832,34,4532,8383.5,3.45,18141.2,2.7125,3.15,0.3
"210","D12","AEC",34,"8-Feb","138","QS-B","",3,"",262.6,262,0,262,0,NA,NA,NA,NA,1488.38,2508,53.9,NA,NA,NA,NA,2561.9,4050.28,36.7475828831587,63.2524171168413,0.6125,0.375,3.225,0.3,2,1,2.75,20.0228832951945,43,5269,6226.88,2.5625,18392,2.75,5.925,1.2
"211","D33","AEC",34,"8-Feb","138","QS-B","",2.5,"",257,257,2,255,0.778210116731518,NA,NA,NA,NA,789.75,752.4,53.9,NA,NA,NA,NA,806.3,1596.05,49.4815325334419,50.5184674665581,0.325,0.1125,1.165,0.15,3,1.5,1.5,20.2124015073655,71,5740,5346,2.2,13125.2,1.9625,5.425,0.475
"212","D27","Apiguard_Api",34,"8-Feb","138","QS-B","",3.5,"",310.3,310,0,310,0,NA,NA,NA,NA,3037.5,4932.4,161.7,NA,NA,NA,NA,5094.1,8131.6,37.3542722219489,62.6457277780511,1.25,0.7375,1.665,0.075,5,3,3.5,20.1291302696544,59,8812,14640.75,6.025,18392,2.75,2.465,0.275
"213","D28","Apiguard_Api",34,"8-Feb","138","QR","",1.5,"",297.5,297,0,297,0,NA,NA,NA,NA,2399.63,1839.2,0,NA,NA,NA,NA,1839.2,4238.83,56.6106685099426,43.3893314900574,0.9875,0.275,2.25,0.875,4,2,3.5,15.5015197568389,39,6032,13425.75,5.525,17388.8,2.6,3.725,0.45
"214","D30","AEC",34,"8-Feb","138","QS-B","",2.75,"",303.3,303,3,300,0.989119683481701,NA,NA,NA,NA,4070.25,7273.2,323.4,NA,NA,NA,NA,7596.6,11666.85,34.8873089137171,65.1126910862829,1.675,1.0875,3.575,0.325,4,2,2.5,4.85594043379735,16,2562,16694.1,6.87,20147.6,3.0125,2.815,0.125
"215","C33","Apivar",34,"8-Feb","138","QS-P","",3,"",425.2,425,4,421,0.940733772342427,NA,NA,NA,NA,4677.75,5434,161.7,NA,NA,NA,NA,5595.7,10273.45,45.5324160822314,54.4675839177686,1.925,0.8125,1.45,0,5,4,2.5,19.5078031212485,85,6320,12818.25,5.275,8778,1.3125,5.25,0.95
"216","C6","Apiguard_Api",34,"8-Feb","138","","",NA,"",NA,NA,NA,NA,NA,NA,NA,NA,NA,0,0,0,NA,NA,NA,NA,0,0,NA,NA,NA,NA,0,0,NA,NA,2,23.610711200691,42,5580,8687.25,3.575,16803.6,2.5125,4.025,0.34
"217","BC15","Apivar",34,"8-Feb","138","QNS","",2.5,"No sign of eggs. Queen added from another colony",317.2,317,34,283,10.718789407314,NA,NA,NA,NA,4586.63,919.6,107.8,NA,NA,NA,NA,1027.4,5614.03,81.6994209151002,18.3005790848998,1.8875,0.1375,2.225,0.19,5,4,3,16.4527805199079,68,8448,13000.5,5.35,18559.2,2.775,5.775,1.325
"218","N42","AEC",34,"8-Feb","138","","",NA,"",NA,NA,NA,NA,NA,NA,NA,NA,NA,0,0,0,NA,NA,NA,NA,0,0,NA,NA,NA,NA,0,0,NA,NA,2.5,13.6785539814362,57,6114,13699.13,5.6375,14880.8,2.225,5.29,0.215
"219","D26","AEC",34,"8-Feb","138","QS-B","",4,"",321.9,321,11,310,3.41721031376204,NA,NA,NA,NA,8383.5,14379.2,0,NA,NA,NA,NA,14379.2,22762.7,36.8299894125038,63.1700105874962,3.45,2.15,2.125,0,6,5,2.5,12.2699386503067,20,3500,10388.25,4.275,22070.4,3.3,2.65,0.125
"220","L76","Apivar",34,"8-Feb","138","QR","",3.5,"",314.6,314,1,313,0.317863954227591,NA,NA,NA,NA,8869.5,13208.8,215.6,NA,NA,NA,NA,13424.4,22293.9,39.7844253360785,60.2155746639215,3.65,1.975,3.125,0.165,7,5,3,5.85885486018642,3,1292,14276.25,5.875,23073.6,3.45,3.025,0.925
"221","62","Apivar",34,"8-Feb","138","QS-B","",4,"",348,348,0,348,0,NA,NA,NA,NA,11238.75,15800.4,592.9,NA,NA,NA,NA,16393.3,27632.05,40.6728780528408,59.3271219471592,4.625,2.3625,2.275,0.05,7,5,2,1.8201674554059,27,1544,10449,4.3,10032,1.5,4.025,0.25
"222","N22","Apivar",34,"8-Feb","138","","",NA,"",NA,NA,NA,NA,NA,NA,NA,NA,NA,0,0,0,NA,NA,NA,NA,0,0,NA,NA,NA,NA,0,0,NA,NA,3,13.5329686150302,28,2669,5923.13,2.4375,12456.4,1.8625,4.825,0.125
"223","L79","AEC",34,"8-Feb","138","QS-P","",2.5,"",316,316,1,315,0.316455696202532,NA,NA,NA,NA,1670.63,3845.6,0,NA,NA,NA,NA,3845.6,5516.23,30.2857205011394,69.7142794988606,0.6875,0.575,2.375,0.1,5,3,3,6.56598818122127,15,2445,10023.75,4.125,23826,3.5625,2.65,0.465
"224","4","AEC",34,"8-Feb","138","QS-B","",3,"",371.1,371,0,371,0,NA,NA,NA,NA,3098.25,4180,0,NA,NA,NA,NA,4180,7278.25,42.5686119602926,57.4313880397074,1.275,0.625,2.715,0.075,3,1.5,2.5,5.93647966755714,29,3102,9112.5,3.75,16552.8,2.475,4.715,0.35
"225","S1","Apiguard_Api",34,"8-Feb","138","QS-B","",4,"",330,330,0,330,0,NA,NA,NA,NA,8656.88,6019.2,107.8,NA,NA,NA,NA,6127,14783.88,58.5562112246582,41.4437887753418,3.5625,0.9,2.915,0.05,8,6,3.5,7.09219858156028,17,1973,8383.5,3.45,16218.4,2.425,4.1,NA
"226","17","Apivar",34,"8-Feb","138","QS-B","",4,"",336.2,336,0,336,0,NA,NA,NA,NA,6166.13,6019.2,0,NA,NA,NA,NA,6019.2,12185.33,50.6028970901896,49.3971029098104,2.5375,0.9,2.225,0,7,5,2,6.7543547813722,20,1946,7654.5,3.15,14295.6,2.1375,3.225,NA
"227","C8","Apiguard_Api",34,"8-Feb","138","","",NA,"",NA,NA,NA,NA,NA,NA,NA,NA,NA,0,0,0,NA,NA,NA,NA,0,0,NA,NA,NA,NA,0,0,NA,NA,2.5,9.64737192282102,50,3461,9234,3.8,10282.8,1.5375,6.525,NA
"228","C2","AEC",34,"8-Feb","138","QS-B","",4,"",299.3,299,0,299,0,NA,NA,NA,NA,4252.5,7691.2,0,NA,NA,NA,NA,7691.2,11943.7,35.6045446553413,64.3954553446587,1.75,1.15,1.7,0.075,5,2,2.5,4.06631216765718,13,1952,19561.5,8.05,17806.8,2.6625,3.125,NA
"229","N51","AEC",34,"8-Feb","138","QS-B","",4,"",428.5,428,3,425,0.700116686114352,NA,NA,NA,NA,0,0,0,NA,NA,NA,NA,0,0,NA,NA,0,0,0,0,7,5,3.5,5.46875,32,3804,12089.25,4.975,19646,2.9375,6.375,NA
"230","C15","Apivar",34,"8-Feb","138","","",NA,"",NA,NA,NA,NA,NA,NA,NA,NA,NA,0,0,0,NA,NA,NA,NA,0,0,NA,NA,NA,NA,0,0,NA,NA,2.5,16.1086544535692,12,1583,5315.63,2.1875,12122,1.8125,3.175,NA
